{
	"parent": "item/generated",
	"textures": {
		"layer0": "minecraft:item/light_gray_dye"
	},
	"overrides": [
		{
			"predicate": {
				"custom_model_data": 1
			},
			"model": "item/animated_java_empty"
		},
		{
			"predicate": {
				"custom_model_data": 2
			},
			"model": "animated_java:item/saloon_doors/door_l"
		},
		{
			"predicate": {
				"custom_model_data": 3
			},
			"model": "animated_java:item/saloon_doors/door_r"
		},
		{
			"predicate": {
				"custom_model_data": 4
			},
			"model": "item/light_gray_dye"
		}
	],
	"animated_java": {
		"rigs": {
			"saloon_doors": {
				"used_ids": [
					2,
					3
				]
			}
		}
	}
}