{
    "parent": "item/generated",
    "textures": {
        "layer0": "item/paper"
    },
    "overrides": [
        {"predicate": {"custom_model_data": 1},"model": "dmd/card/default/default_deck"},
        {"predicate": {"custom_model_data": 2},"model": "dmd/card/default/default_card"},
        {"predicate": {"custom_model_data": 3},"model": "dmd/card/default/default_ace"},
        {"predicate": {"custom_model_data": 4},"model": "dmd/card/default/default_queen"},
        {"predicate": {"custom_model_data": 5},"model": "dmd/card/default/default_king"},
        {"predicate": {"custom_model_data": 6},"model": "dmd/card/default/default_joker"},
        {"predicate": {"custom_model_data": 7},"model": "dmd/card/default/default_ace_selected"},
        {"predicate": {"custom_model_data": 8},"model": "dmd/card/default/default_queen_selected"},
        {"predicate": {"custom_model_data": 9},"model": "dmd/card/default/default_king_selected"},
        {"predicate": {"custom_model_data": 10},"model": "dmd/card/default/default_joker_selected"},
        {"predicate": {"custom_model_data": 11},"model": "dmd/card/default/default_hand"},
        {"predicate": {"custom_model_data": 12},"model": "dmd/card/default/default_hand_glass"},
        {"predicate": {"custom_model_data": 13},"model": "item/paper"}
    ]
}
