{
    "parent": "item/generated",
    "textures": {
        "layer0": "item/stick"
    },
    "overrides": [
        {"predicate": {"custom_model_data": 1},"model": "dmd/table/default_table"},
        {"predicate": {"custom_model_data": 2},"model": "dmd/chair/default_chair"},
        {"predicate": {"custom_model_data": 3},"model": "dmd/decor/empty_wine_rack"},
        {"predicate": {"custom_model_data": 4},"model": "dmd/decor/full_wine_rack"},
        {"predicate": {"custom_model_data": 5},"model": "dmd/chair/bar_stool"},
        {"predicate": {"custom_model_data": 6},"model": "item/stick"}
    ]
}
