{
    "parent": "item/generated",
    "textures": {
        "layer0": "item/white_dye"
    },
    "overrides": [
        {"predicate": {"custom_model_data": 1},"model": "dmd/ui/6_bullet"},
        {"predicate": {"custom_model_data": 2},"model": "dmd/ui/5_bullet"},
        {"predicate": {"custom_model_data": 3},"model": "dmd/ui/4_bullet"},
        {"predicate": {"custom_model_data": 4},"model": "dmd/ui/3_bullet"},
        {"predicate": {"custom_model_data": 5},"model": "dmd/ui/2_bullet"},
        {"predicate": {"custom_model_data": 6},"model": "dmd/ui/1_bullet"},
        {"predicate": {"custom_model_data": 7},"model": "dmd/ui/0_bullet"},
        {"predicate": {"custom_model_data": 8},"model": "dmd/ui/liar_button"},
        {"predicate": {"custom_model_data": 9},"model": "item/white_dye"}
    ]
}
