{
	"textures": {
		"table": "dmd/table/default_table"
	},
	"elements": [
		{
			"from": [3.9, 0, -1.9],
			"to": [12.1, 2, 1.3],
			"rotation": {"angle": 0, "axis": "y", "origin": [8, 1, 14.1]},
			"faces": {
				"north": {"uv": [0, 10.125, 1, 10.375], "texture": "#table"},
				"up": {"uv": [1.125, 7.5, 2.125, 7.875], "texture": "#table"},
				"down": {"uv": [4.5, 7.875, 5.5, 7.5], "texture": "#table"}
			}
		},
		{
			"from": [14.7, 0, 3.9],
			"to": [17.9, 2, 12.1],
			"rotation": {"angle": 0, "axis": "y", "origin": [1.9, 1, 8]},
			"faces": {
				"east": {"uv": [2, 10.125, 3, 10.375], "texture": "#table"},
				"up": {"uv": [2.5, 8.25, 2.875, 9.25], "texture": "#table"},
				"down": {"uv": [5.875, 8.25, 6.25, 9.25], "texture": "#table"}
			}
		},
		{
			"from": [0.92, 0.02, 0.92],
			"to": [14.88, 1.98, 14.88],
			"rotation": {"angle": 0, "axis": "y", "origin": [7.9, 1, 8]},
			"faces": {
				"up": {"uv": [2.5, 7.875, 0.75, 9.625], "texture": "#table"},
				"down": {"uv": [5.875, 7.875, 4.125, 9.625], "texture": "#table"}
			}
		},
		{
			"from": [3.9, 0, 14.7],
			"to": [12.1, 2, 17.9],
			"rotation": {"angle": 0, "axis": "y", "origin": [8, 1, 1.9]},
			"faces": {
				"south": {"uv": [0, 10.5, 1, 10.75], "texture": "#table"},
				"up": {"uv": [1.125, 10, 2.125, 9.625], "rotation": 180, "texture": "#table"},
				"down": {"uv": [4.5, 9.625, 5.5, 10], "rotation": 180, "texture": "#table"}
			}
		},
		{
			"from": [-1.9, 0, 3.9],
			"to": [1.3, 2, 12.1],
			"rotation": {"angle": 0, "axis": "y", "origin": [14.1, 1, 8]},
			"faces": {
				"west": {"uv": [2, 10.5, 3, 10.75], "texture": "#table"},
				"up": {"uv": [0.75, 8.25, 0.375, 9.25], "rotation": 180, "texture": "#table"},
				"down": {"uv": [4.125, 8.25, 3.75, 9.25], "rotation": 180, "texture": "#table"}
			}
		},
		{
			"from": [3.91, 0.01, 14.56],
			"to": [12.09, 1.99, 17.89],
			"rotation": {"angle": -45, "axis": "y", "origin": [8, 1, 8]},
			"faces": {
				"south": {"uv": [1, 10.5, 2, 10.75], "texture": "#table"},
				"up": {"uv": [1, 10, 0, 9.625], "texture": "#table"},
				"down": {"uv": [4.375, 9.625, 3.375, 10], "texture": "#table"}
			}
		},
		{
			"from": [3.91, 0.01, -1.89],
			"to": [12.09, 1.99, 1.44],
			"rotation": {"angle": -45, "axis": "y", "origin": [8, 1, 8]},
			"faces": {
				"north": {"uv": [1, 10.125, 2, 10.375], "texture": "#table"},
				"up": {"uv": [3.25, 7.5, 2.25, 7.875], "texture": "#table"},
				"down": {"uv": [6.625, 7.875, 5.625, 7.5], "texture": "#table"}
			}
		},
		{
			"from": [14.56, 0.01, 3.91],
			"to": [17.89, 1.99, 12.09],
			"rotation": {"angle": -45, "axis": "y", "origin": [8, 1, 8]},
			"faces": {
				"east": {"uv": [3, 10.125, 4, 10.375], "texture": "#table"},
				"up": {"uv": [3.25, 9.625, 2.25, 10], "rotation": 90, "texture": "#table"},
				"down": {"uv": [6.625, 9.625, 5.625, 10], "rotation": 90, "texture": "#table"}
			}
		},
		{
			"from": [-1.89, 0.01, 3.91],
			"to": [1.44, 1.99, 12.09],
			"rotation": {"angle": -45, "axis": "y", "origin": [8, 1, 8]},
			"faces": {
				"west": {"uv": [3, 10.5, 4, 10.75], "texture": "#table"},
				"up": {"uv": [1, 7.875, 0, 7.5], "rotation": 90, "texture": "#table"},
				"down": {"uv": [4.375, 7.875, 3.375, 7.5], "rotation": 90, "texture": "#table"}
			}
		},
		{
			"from": [-6, 2, 8],
			"to": [22, 14, 8],
			"rotation": {"angle": -45, "axis": "y", "origin": [8, 18, 8]},
			"faces": {
				"north": {"uv": [12, 6.25, 16, 8], "texture": "#table"},
				"south": {"uv": [12, 6.25, 16, 8], "texture": "#table"}
			}
		},
		{
			"from": [-6, 2, 8],
			"to": [22, 14, 8],
			"rotation": {"angle": 45, "axis": "y", "origin": [8, 18, 8]},
			"faces": {
				"north": {"uv": [12, 8.125, 16, 9.875], "texture": "#table"},
				"south": {"uv": [12, 8.125, 16, 9.875], "texture": "#table"}
			}
		},
		{
			"from": [6, 2, 6],
			"to": [10, 16, 10],
			"rotation": {"angle": -45, "axis": "y", "origin": [8, 18, 8]},
			"faces": {
				"north": {"uv": [14.5, 10, 15, 11.75], "texture": "#table"},
				"east": {"uv": [14, 10, 14.5, 11.75], "texture": "#table"},
				"south": {"uv": [15.5, 10, 16, 11.75], "texture": "#table"},
				"west": {"uv": [15, 10, 15.5, 11.75], "texture": "#table"}
			}
		},
		{
			"from": [-1.99, 14.01, 27.01],
			"to": [17.99, 17.99, 31.99],
			"rotation": {"angle": -45, "axis": "y", "origin": [8, 16, 8]},
			"faces": {
				"south": {"uv": [5, 6.875, 7.5, 7.375], "texture": "#table"},
				"up": {"uv": [1.5, 4.25, 0.875, 1.75], "rotation": 90, "texture": "#table"},
				"down": {"uv": [9, 4.25, 9.625, 1.75], "rotation": 90, "texture": "#table"}
			}
		},
		{
			"from": [-1.99, 14.01, -15.99],
			"to": [17.99, 17.99, -11.01],
			"rotation": {"angle": -45, "axis": "y", "origin": [8, 16, 8]},
			"faces": {
				"north": {"uv": [5, 6.25, 7.5, 6.75], "texture": "#table"},
				"up": {"uv": [6.875, 4.25, 6.25, 1.75], "rotation": 90, "texture": "#table"},
				"down": {"uv": [14.375, 4.25, 15, 1.75], "rotation": 90, "texture": "#table"}
			}
		},
		{
			"from": [27, 14, -2],
			"to": [32, 18, 18],
			"rotation": {"angle": -45, "axis": "y", "origin": [8, 16, 8]},
			"faces": {
				"east": {"uv": [0, 6.25, 2.5, 6.75], "texture": "#table"},
				"up": {"uv": [5.125, 6, 2.625, 5.375], "rotation": 90, "texture": "#table"},
				"down": {"uv": [13.25, 6, 10.75, 5.375], "rotation": 90, "texture": "#table"}
			}
		},
		{
			"from": [-16, 14, -2],
			"to": [-11, 18, 18],
			"rotation": {"angle": -45, "axis": "y", "origin": [8, 16, 8]},
			"faces": {
				"west": {"uv": [0, 6.875, 2.5, 7.375], "texture": "#table"},
				"up": {"uv": [5.125, 0.625, 2.625, 0], "rotation": 90, "texture": "#table"},
				"down": {"uv": [13.25, 0.625, 10.75, 0], "rotation": 90, "texture": "#table"}
			}
		},
		{
			"from": [-10.97, 14.03, -10.97],
			"to": [26.97, 17.97, 26.97],
			"rotation": {"angle": 0, "axis": "y", "origin": [8, 16, 8]},
			"faces": {
				"up": {"uv": [6.25, 5.375, 1.5, 0.625], "rotation": 180, "texture": "#table"},
				"down": {"uv": [14.375, 5.375, 9.625, 0.625], "texture": "#table"}
			}
		},
		{
			"from": [-15.98, 14.02, -1.98],
			"to": [-10.77, 17.98, 17.98],
			"rotation": {"angle": 0, "axis": "y", "origin": [8, 16, 8]},
			"faces": {
				"west": {"uv": [7.5, 7.375, 10, 6.875], "rotation": 180, "texture": "#table"},
				"up": {"uv": [0, 0, 2.5, 0.625], "rotation": 270, "texture": "#table"},
				"down": {"uv": [8.125, 0, 10.625, 0.625], "rotation": 270, "texture": "#table"}
			}
		},
		{
			"from": [-1.98, 14.02, 26.77],
			"to": [17.98, 17.98, 31.98],
			"rotation": {"angle": 0, "axis": "y", "origin": [8, 16, 8]},
			"faces": {
				"south": {"uv": [2.5, 7.375, 5, 6.875], "rotation": 180, "texture": "#table"},
				"up": {"uv": [0, 5.375, 2.5, 6], "rotation": 180, "texture": "#table"},
				"down": {"uv": [8.125, 5.375, 10.625, 6], "texture": "#table"}
			}
		},
		{
			"from": [26.77, 14.02, -1.98],
			"to": [31.98, 17.98, 17.98],
			"rotation": {"angle": 0, "axis": "y", "origin": [8, 16, 8]},
			"faces": {
				"east": {"uv": [7.5, 6.75, 10, 6.25], "rotation": 180, "texture": "#table"},
				"up": {"uv": [5.25, 5.375, 7.75, 6], "rotation": 90, "texture": "#table"},
				"down": {"uv": [13.375, 5.375, 15.875, 6], "rotation": 90, "texture": "#table"}
			}
		},
		{
			"from": [-1.98, 14.02, -15.98],
			"to": [17.98, 17.98, -10.77],
			"rotation": {"angle": 0, "axis": "y", "origin": [8, 16, 8]},
			"faces": {
				"north": {"uv": [2.5, 6.75, 5, 6.25], "rotation": 180, "texture": "#table"},
				"up": {"uv": [5.25, 0, 7.75, 0.625], "texture": "#table"},
				"down": {"uv": [13.375, 0, 15.875, 0.625], "rotation": 180, "texture": "#table"}
			}
		}
	]
}