{
  "dmd.gun_pull": {
    "sounds": [
      "dmd/gun_pull"
    ]
  },
  "dmd.gun_shoot": {
    "sounds": [
      "dmd/gun_shoot"
    ]
  },
  "dmd.voice_male.one": {
    "sounds": [
      "dmd/voice_male/one"
    ]
  },
  "dmd.voice_male.two": {
    "sounds": [
      "dmd/voice_male/two"
    ]
  },
  "dmd.voice_male.three": {
    "sounds": [
      "dmd/voice_male/three"
    ]
  },
  "dmd.voice_male.liar": {
    "sounds": [
      "dmd/voice_male/liar"
    ]
  },
  "dmd.voice_male.ace": {
    "sounds": [
      "dmd/voice_male/ace"
    ]
  },
  "dmd.voice_male.aces": {
    "sounds": [
      "dmd/voice_male/aces"
    ]
  },
  "dmd.voice_male.king": {
    "sounds": [
      "dmd/voice_male/king"
    ]
  },
  "dmd.voice_male.kings": {
    "sounds": [
      "dmd/voice_male/kings"
    ]
  },
  "dmd.voice_male.queen": {
    "sounds": [
      "dmd/voice_male/queen"
    ]
  },
  "dmd.voice_male.queens": {
    "sounds": [
      "dmd/voice_male/queens"
    ]
  },
  "dmd.voice_female.one": {
    "sounds": [
      "dmd/voice_female/one"
    ]
  },
  "dmd.voice_female.two": {
    "sounds": [
      "dmd/voice_female/two"
    ]
  },
  "dmd.voice_female.three": {
    "sounds": [
      "dmd/voice_female/three"
    ]
  },
  "dmd.voice_female.liar": {
    "sounds": [
      "dmd/voice_female/liar"
    ]
  },
  "dmd.voice_female.ace": {
    "sounds": [
      "dmd/voice_female/ace"
    ]
  },
  "dmd.voice_female.aces": {
    "sounds": [
      "dmd/voice_female/aces"
    ]
  },
  "dmd.voice_female.king": {
    "sounds": [
      "dmd/voice_female/king"
    ]
  },
  "dmd.voice_female.kings": {
    "sounds": [
      "dmd/voice_female/kings"
    ]
  },
  "dmd.voice_female.queen": {
    "sounds": [
      "dmd/voice_female/queen"
    ]
  },
  "dmd.voice_female.queens": {
    "sounds": [
      "dmd/voice_female/queens"
    ]
  },
  "dmd.voice_neutral.one": {
    "sounds": [
      "dmd/voice_neutral/one"
    ]
  },
  "dmd.voice_neutral.two": {
    "sounds": [
      "dmd/voice_neutral/two"
    ]
  },
  "dmd.voice_neutral.three": {
    "sounds": [
      "dmd/voice_neutral/three"
    ]
  },
  "dmd.voice_neutral.liar": {
    "sounds": [
      "dmd/voice_neutral/liar"
    ]
  },
  "dmd.voice_neutral.ace": {
    "sounds": [
      "dmd/voice_neutral/ace"
    ]
  },
  "dmd.voice_neutral.aces": {
    "sounds": [
      "dmd/voice_neutral/aces"
    ]
  },
  "dmd.voice_neutral.king": {
    "sounds": [
      "dmd/voice_neutral/king"
    ]
  },
  "dmd.voice_neutral.kings": {
    "sounds": [
      "dmd/voice_neutral/kings"
    ]
  },
  "dmd.voice_neutral.queen": {
    "sounds": [
      "dmd/voice_neutral/queen"
    ]
  },
  "dmd.voice_neutral.queens": {
    "sounds": [
      "dmd/voice_neutral/queens"
    ]
  }
}