{
	"elements": [
		{
			"from": [0, 0, 0],
			"to": [16, 5, 16],
			"rotation": {"angle": 0, "axis": "x", "origin": [8, 0, 16]},
			"faces": {
				"up": {"uv": [0, 0, 16, 16], "texture": "#back"},
				"down": {"uv": [0, 0, 16, 16], "rotation": 180, "texture": "#card"}
			}
		},
		{
			"from": [3.5, 0, 0],
			"to": [12.5, 5, 16],
			"rotation": {"angle": 0, "axis": "x", "origin": [8, 0, 16]},
			"faces": {
				"north": {"uv": [3.5, 0, 12.5, 0.5], "rotation": 180, "texture": "#card"},
				"east": {"uv": [12.5, 0.5, 13, 15.5], "rotation": 270, "texture": "#card"},
				"south": {"uv": [3.5, 15.5, 12.5, 16], "rotation": 180, "texture": "#card"},
				"west": {"uv": [3, 0.5, 3.5, 15.5], "rotation": 270, "texture": "#card"}
			}
		},
		{
			"from": [3, 0, 0.5],
			"to": [13, 5, 15.5],
			"rotation": {"angle": 0, "axis": "x", "origin": [8, 0, 16]},
			"faces": {
				"north": {"uv": [3.5, 0, 12.5, 0.5], "rotation": 180, "texture": "#card"},
				"east": {"uv": [12.5, 0.5, 13, 15.5], "rotation": 270, "texture": "#card"},
				"south": {"uv": [3.5, 15.5, 12.5, 16], "rotation": 180, "texture": "#card"},
				"west": {"uv": [3, 0.5, 3.5, 15.5], "rotation": 270, "texture": "#card"}
			}
		}
	],
	"gui_light": "front",
	"display": {
		"thirdperson_righthand": {
			"rotation": [90, 0, 0],
			"translation": [0, 2.25, 3],
			"scale": [0.3, 0.3, 0.3]
		},
		"thirdperson_lefthand": {
			"rotation": [90, 0, 0],
			"translation": [0, 2.25, 3],
			"scale": [0.3, 0.3, 0.3]
		},
		"firstperson_righthand": {
			"rotation": [20, 0, 0],
			"translation": [0, 6, 0],
			"scale": [0.5, 0.5, 0.5]
		},
		"firstperson_lefthand": {
			"rotation": [20, 0, 0],
			"translation": [0, 6, 0],
			"scale": [0.5, 0.5, 0.5]
		},
		"ground": {
			"translation": [0, 2, 0],
			"scale": [0.5, 0.5, 0.5]
		},
		"gui": {
			"rotation": [-90, 0, 180],
			"scale": [1, 0, 1]
		},
		"head": {
			"translation": [0, 11, 0],
			"scale": [0.6, 0.6, 0.6]
		},
		"fixed": {
			"rotation": [-90, 0, 0],
			"translation": [0, 0, -7]
		}
	}
}