{
	"elements": [
		{
			"from": [0, 0, 8],
			"to": [16, 16, 8],
			"rotation": {"angle": 0, "axis": "x", "origin": [8, 0, 16]},
			"faces": {
				"north": {"uv": [0, 0, 16, 16], "texture": "#card"},
				"south": {"uv": [0, 0, 16, 16], "texture": "#back"}
			}
		}
	],
	"gui_light": "front",
	"display": {
		"thirdperson_righthand": {
			"rotation": [0, -180, 0],
			"translation": [0, 2, 1],
			"scale": [0.25, 0.25, 0.01]
		},
		"thirdperson_lefthand": {
			"rotation": [0, -180, 0],
			"translation": [0, 2, 1],
			"scale": [0.25, 0.25, 0.01]
		},
		"firstperson_righthand": {
			"rotation": [0, -180, 0],
			"translation": [13, 2, -10]
		},
		"firstperson_lefthand": {
			"rotation": [0, -180, 0],
			"translation": [13, 2, -10]
		},
		"ground": {
			"translation": [0, 2, 0],
			"scale": [0.5, 0.5, 0.1]
		},
		"gui": {
			"rotation": [0, -180, 0],
			"scale": [1, 1, 4]
		},
		"head": {
			"translation": [0, 11.5, 0],
			"scale": [0.6, 0.6, 0.1]
		},
		"fixed": {
			"translation": [0, -1, 0],
			"scale": [0.6, 0.6, 0.1]
		}
	}
}