{
	"credit": "Made with Blockbench",
	"texture_size": [64, 64],
	"textures": {
		"0": "dmd/decor/wine_rack",
		"particle": "dmd/decor/wine_rack"
	},
	"elements": [
		{
			"from": [7.02821, -3.98017, 8.01],
			"to": [9.00821, 19.99983, 15.99],
			"rotation": {"angle": -45, "axis": "z", "origin": [8.02817, 7.99987, 12]},
			"faces": {
				"north": {"uv": [2, 4.5, 2.5, 10.5], "texture": "#0"},
				"east": {"uv": [0, 4.5, 2, 10.5], "texture": "#0"},
				"south": {"uv": [4.5, 4.5, 5, 10.5], "texture": "#0"},
				"west": {"uv": [2.5, 4.5, 4.5, 10.5], "texture": "#0"},
				"up": {"uv": [2.5, 4.5, 2, 2.5], "texture": "#0"},
				"down": {"uv": [3, 2.5, 2.5, 4.5], "texture": "#0"}
			}
		},
		{
			"from": [-3.98179, 7.00983, 8],
			"to": [20.01821, 9.00983, 16],
			"rotation": {"angle": -45, "axis": "z", "origin": [8.02817, 7.99987, 12]},
			"faces": {
				"north": {"uv": [2, 2, 8, 2.5], "texture": "#0"},
				"east": {"uv": [0, 2, 2, 2.5], "texture": "#0"},
				"south": {"uv": [10, 2, 16, 2.5], "texture": "#0"},
				"west": {"uv": [8, 2, 10, 2.5], "texture": "#0"},
				"up": {"uv": [8, 2, 2, 0], "texture": "#0"},
				"down": {"uv": [14, 0, 8, 2], "texture": "#0"}
			}
		},
		{
			"from": [1.53814, 12.48991, 8],
			"to": [14.53814, 14.48991, 16],
			"rotation": {"angle": -45, "axis": "z", "origin": [8.02817, 7.99987, 12]},
			"faces": {
				"north": {"uv": [7, 4.5, 10.25, 5], "texture": "#0"},
				"east": {"uv": [5, 4.5, 7, 5], "texture": "#0"},
				"south": {"uv": [12.25, 4.5, 15.5, 5], "texture": "#0"},
				"west": {"uv": [10.25, 4.5, 12.25, 5], "texture": "#0"},
				"up": {"uv": [10.25, 4.5, 7, 2.5], "texture": "#0"},
				"down": {"uv": [13.5, 2.5, 10.25, 4.5], "texture": "#0"}
			}
		},
		{
			"from": [1.54814, 1.49991, 8.01],
			"to": [3.52814, 14.47991, 15.99],
			"rotation": {"angle": -45, "axis": "z", "origin": [8.02817, 7.99987, 12]},
			"faces": {
				"north": {"uv": [7, 9.5, 7.5, 12.75], "texture": "#0"},
				"east": {"uv": [5, 9.5, 7, 12.75], "texture": "#0"},
				"south": {"uv": [9.5, 9.5, 10, 12.75], "texture": "#0"},
				"west": {"uv": [7.5, 9.5, 9.5, 12.75], "texture": "#0"},
				"up": {"uv": [7.5, 9.5, 7, 7.5], "texture": "#0"},
				"down": {"uv": [8, 7.5, 7.5, 9.5], "texture": "#0"}
			}
		},
		{
			"from": [1.54814, 1.51983, 8.01],
			"to": [14.52814, 3.49983, 15.99],
			"rotation": {"angle": 45, "axis": "z", "origin": [8.02817, 7.99987, 12]},
			"faces": {
				"north": {"uv": [7, 7, 10.25, 7.5], "texture": "#0"},
				"east": {"uv": [5, 7, 7, 7.5], "texture": "#0"},
				"south": {"uv": [12.25, 7, 15.5, 7.5], "texture": "#0"},
				"west": {"uv": [10.25, 7, 12.25, 7.5], "texture": "#0"},
				"up": {"uv": [10.25, 7, 7, 5], "texture": "#0"},
				"down": {"uv": [13.5, 5, 10.25, 7], "texture": "#0"}
			}
		},
		{
			"from": [1.53814, 1.50983, 8],
			"to": [3.53814, 14.50983, 16],
			"rotation": {"angle": 45, "axis": "z", "origin": [8.02817, 7.99987, 12]},
			"faces": {
				"north": {"uv": [12, 9.5, 12.5, 12.75], "texture": "#0"},
				"east": {"uv": [10, 9.5, 12, 12.75], "texture": "#0"},
				"south": {"uv": [14.5, 9.5, 15, 12.75], "texture": "#0"},
				"west": {"uv": [12.5, 9.5, 14.5, 12.75], "texture": "#0"},
				"up": {"uv": [12.5, 9.5, 12, 7.5], "texture": "#0"},
				"down": {"uv": [13, 7.5, 12.5, 9.5], "texture": "#0"}
			}
		}
	]
}