{
	"credit": "Made with Blockbench",
	"texture_size": [64, 64],
	"textures": {
		"0": "dmd/decor/wine_rack",
		"1": "dmd/decor/wine_rack_occupied",
		"particle": "dmd/decor/wine_rack"
	},
	"elements": [
		{
			"from": [7.02821, -3.98017, 8.01],
			"to": [9.00821, 19.99983, 15.99],
			"rotation": {"angle": -45, "axis": "z", "origin": [8.02817, 7.99987, 12]},
			"faces": {
				"north": {"uv": [2, 4.5, 2.5, 10.5], "texture": "#0"},
				"east": {"uv": [0, 4.5, 2, 10.5], "texture": "#0"},
				"south": {"uv": [4.5, 4.5, 5, 10.5], "texture": "#0"},
				"west": {"uv": [2.5, 4.5, 4.5, 10.5], "texture": "#0"},
				"up": {"uv": [2.5, 4.5, 2, 2.5], "texture": "#0"},
				"down": {"uv": [3, 2.5, 2.5, 4.5], "texture": "#0"}
			}
		},
		{
			"from": [-3.98179, 7.00983, 8],
			"to": [20.01821, 9.00983, 16],
			"rotation": {"angle": -45, "axis": "z", "origin": [8.02817, 7.99987, 12]},
			"faces": {
				"north": {"uv": [2, 2, 8, 2.5], "texture": "#0"},
				"east": {"uv": [0, 2, 2, 2.5], "texture": "#0"},
				"south": {"uv": [10, 2, 16, 2.5], "texture": "#0"},
				"west": {"uv": [8, 2, 10, 2.5], "texture": "#0"},
				"up": {"uv": [8, 2, 2, 0], "texture": "#0"},
				"down": {"uv": [14, 0, 8, 2], "texture": "#0"}
			}
		},
		{
			"from": [1.53814, 12.48991, 8],
			"to": [14.53814, 14.48991, 16],
			"rotation": {"angle": -45, "axis": "z", "origin": [8.02817, 7.99987, 12]},
			"faces": {
				"north": {"uv": [7, 4.5, 10.25, 5], "texture": "#0"},
				"east": {"uv": [5, 4.5, 7, 5], "texture": "#0"},
				"south": {"uv": [12.25, 4.5, 15.5, 5], "texture": "#0"},
				"west": {"uv": [10.25, 4.5, 12.25, 5], "texture": "#0"},
				"up": {"uv": [10.25, 4.5, 7, 2.5], "texture": "#0"},
				"down": {"uv": [13.5, 2.5, 10.25, 4.5], "texture": "#0"}
			}
		},
		{
			"from": [1.54814, 1.49991, 8.01],
			"to": [3.52814, 14.47991, 15.99],
			"rotation": {"angle": -45, "axis": "z", "origin": [8.02817, 7.99987, 12]},
			"faces": {
				"north": {"uv": [7, 9.5, 7.5, 12.75], "texture": "#0"},
				"east": {"uv": [5, 9.5, 7, 12.75], "texture": "#0"},
				"south": {"uv": [9.5, 9.5, 10, 12.75], "texture": "#0"},
				"west": {"uv": [7.5, 9.5, 9.5, 12.75], "texture": "#0"},
				"up": {"uv": [7.5, 9.5, 7, 7.5], "texture": "#0"},
				"down": {"uv": [8, 7.5, 7.5, 9.5], "texture": "#0"}
			}
		},
		{
			"from": [1.54814, 1.51983, 8.01],
			"to": [14.52814, 3.49983, 15.99],
			"rotation": {"angle": 45, "axis": "z", "origin": [8.02817, 7.99987, 12]},
			"faces": {
				"north": {"uv": [7, 7, 10.25, 7.5], "texture": "#0"},
				"east": {"uv": [5, 7, 7, 7.5], "texture": "#0"},
				"south": {"uv": [12.25, 7, 15.5, 7.5], "texture": "#0"},
				"west": {"uv": [10.25, 7, 12.25, 7.5], "texture": "#0"},
				"up": {"uv": [10.25, 7, 7, 5], "texture": "#0"},
				"down": {"uv": [13.5, 5, 10.25, 7], "texture": "#0"}
			}
		},
		{
			"from": [1.53814, 1.50983, 8],
			"to": [3.53814, 14.50983, 16],
			"rotation": {"angle": 45, "axis": "z", "origin": [8.02817, 7.99987, 12]},
			"faces": {
				"north": {"uv": [12, 9.5, 12.5, 12.75], "texture": "#0"},
				"east": {"uv": [10, 9.5, 12, 12.75], "texture": "#0"},
				"south": {"uv": [14.5, 9.5, 15, 12.75], "texture": "#0"},
				"west": {"uv": [12.5, 9.5, 14.5, 12.75], "texture": "#0"},
				"up": {"uv": [12.5, 9.5, 12, 7.5], "texture": "#0"},
				"down": {"uv": [13, 7.5, 12.5, 9.5], "texture": "#0"}
			}
		},
		{
			"name": "5_nozzle",
			"from": [7.325, 3.21, 2.6],
			"to": [8.675, 4.56, 6.3],
			"rotation": {"angle": -45, "axis": "z", "origin": [8, 3.885, 8.1]},
			"faces": {
				"north": {"uv": [7.75, 4.5, 8, 4.75], "texture": "#1"},
				"east": {"uv": [8, 4.75, 8.25, 5.5], "rotation": 90, "texture": "#1"},
				"south": {"uv": [8, 4.5, 8.25, 4.75], "texture": "#1"},
				"west": {"uv": [7.5, 5.5, 7.75, 4.75], "rotation": 90, "texture": "#1"},
				"up": {"uv": [8, 4.75, 7.75, 5.5], "texture": "#1"},
				"down": {"uv": [8.5, 5.5, 8.25, 4.75], "texture": "#1"}
			}
		},
		{
			"name": "3_nozzle",
			"from": [11.225, 7.11, 2.6],
			"to": [12.575, 8.46, 6.3],
			"rotation": {"angle": -45, "axis": "z", "origin": [11.9, 7.785, 8.1]},
			"faces": {
				"north": {"uv": [1.25, 4.5, 1.5, 4.75], "texture": "#1"},
				"east": {"uv": [1.5, 4.75, 1.75, 5.5], "rotation": 90, "texture": "#1"},
				"south": {"uv": [1.5, 4.5, 1.75, 4.75], "texture": "#1"},
				"west": {"uv": [1, 5.5, 1.25, 4.75], "rotation": 90, "texture": "#1"},
				"up": {"uv": [1.5, 4.75, 1.25, 5.5], "texture": "#1"},
				"down": {"uv": [2, 5.5, 1.75, 4.75], "texture": "#1"}
			}
		},
		{
			"name": "4_nozzle",
			"from": [3.475, 7.11, 2.6],
			"to": [4.825, 8.46, 6.3],
			"rotation": {"angle": -45, "axis": "z", "origin": [4.15, 7.785, 8.1]},
			"faces": {
				"north": {"uv": [4.5, 4.5, 4.75, 4.75], "texture": "#1"},
				"east": {"uv": [4.75, 4.75, 5, 5.5], "rotation": 90, "texture": "#1"},
				"south": {"uv": [4.75, 4.5, 5, 4.75], "texture": "#1"},
				"west": {"uv": [4.25, 5.5, 4.5, 4.75], "rotation": 90, "texture": "#1"},
				"up": {"uv": [4.75, 4.75, 4.5, 5.5], "texture": "#1"},
				"down": {"uv": [5.25, 5.5, 5, 4.75], "texture": "#1"}
			}
		},
		{
			"name": "2_nozzle",
			"from": [3.475, 14.91, 2.6],
			"to": [4.825, 16.26, 6.3],
			"rotation": {"angle": -45, "axis": "z", "origin": [4.15, 15.585, 8.1]},
			"faces": {
				"north": {"uv": [4.5, 0, 4.75, 0.25], "texture": "#1"},
				"east": {"uv": [4.75, 0.25, 5, 1], "rotation": 90, "texture": "#1"},
				"south": {"uv": [4.75, 0, 5, 0.25], "texture": "#1"},
				"west": {"uv": [4.25, 1, 4.5, 0.25], "rotation": 90, "texture": "#1"},
				"up": {"uv": [4.75, 0.25, 4.5, 1], "texture": "#1"},
				"down": {"uv": [5.25, 1, 5, 0.25], "texture": "#1"}
			}
		},
		{
			"name": "1_nozzle",
			"from": [11.225, 14.91, 2.6],
			"to": [12.575, 16.26, 6.3],
			"rotation": {"angle": -45, "axis": "z", "origin": [11.9, 15.585, 8.1]},
			"faces": {
				"north": {"uv": [1.25, 0, 1.5, 0.25], "texture": "#1"},
				"east": {"uv": [1.5, 0.25, 1.75, 1], "rotation": 90, "texture": "#1"},
				"south": {"uv": [1.5, 0, 1.75, 0.25], "texture": "#1"},
				"west": {"uv": [1, 1, 1.25, 0.25], "rotation": 90, "texture": "#1"},
				"up": {"uv": [1.5, 0.25, 1.25, 1], "texture": "#1"},
				"down": {"uv": [2, 1, 1.75, 0.25], "texture": "#1"}
			}
		},
		{
			"name": "3_nozzle",
			"from": [7.325, 11.01, 2.6],
			"to": [8.675, 12.36, 6.3],
			"rotation": {"angle": -45, "axis": "z", "origin": [8, 11.685, 8.1]},
			"faces": {
				"north": {"uv": [7.75, 0, 8, 0.25], "texture": "#1"},
				"east": {"uv": [8, 0.25, 8.25, 1], "rotation": 90, "texture": "#1"},
				"south": {"uv": [8, 0, 8.25, 0.25], "texture": "#1"},
				"west": {"uv": [7.5, 1, 7.75, 0.25], "rotation": 90, "texture": "#1"},
				"up": {"uv": [8, 0.25, 7.75, 1], "texture": "#1"},
				"down": {"uv": [8.5, 1, 8.25, 0.25], "texture": "#1"}
			}
		},
		{
			"name": "4",
			"from": [2.575, 6.21, 6.3],
			"to": [5.725, 9.36, 15.5],
			"rotation": {"angle": -45, "axis": "z", "origin": [4.15, 7.785, 12.6]},
			"faces": {
				"north": {"uv": [4, 5.75, 4.75, 6.5], "texture": "#1"},
				"east": {"uv": [4.75, 6.5, 5.5, 8.75], "rotation": 90, "texture": "#1"},
				"south": {"uv": [4.75, 5.75, 5.5, 6.5], "texture": "#1"},
				"west": {"uv": [4, 8.75, 3.25, 6.5], "rotation": 90, "texture": "#1"},
				"up": {"uv": [4, 6.5, 4.75, 8.75], "texture": "#1"},
				"down": {"uv": [6.25, 8.75, 5.5, 6.5], "texture": "#1"}
			}
		},
		{
			"name": "3",
			"from": [10.325, 6.21, 6.3],
			"to": [13.475, 9.36, 15.5],
			"rotation": {"angle": -45, "axis": "z", "origin": [11.9, 7.785, 12.6]},
			"faces": {
				"north": {"uv": [0.75, 5.75, 1.5, 6.5], "texture": "#1"},
				"east": {"uv": [1.5, 6.5, 2.25, 8.75], "rotation": 90, "texture": "#1"},
				"south": {"uv": [1.5, 5.75, 2.25, 6.5], "texture": "#1"},
				"west": {"uv": [0.75, 8.75, 0, 6.5], "rotation": 90, "texture": "#1"},
				"up": {"uv": [0.75, 6.5, 1.5, 8.75], "texture": "#1"},
				"down": {"uv": [3, 8.75, 2.25, 6.5], "texture": "#1"}
			}
		},
		{
			"name": "5",
			"from": [6.425, 2.31, 6.3],
			"to": [9.575, 5.46, 15.5],
			"rotation": {"angle": -45, "axis": "z", "origin": [8, 3.885, 12.6]},
			"faces": {
				"north": {"uv": [7.25, 5.75, 8, 6.5], "texture": "#1"},
				"east": {"uv": [8, 6.5, 8.75, 8.75], "rotation": 90, "texture": "#1"},
				"south": {"uv": [8, 5.75, 8.75, 6.5], "texture": "#1"},
				"west": {"uv": [7.25, 8.75, 6.5, 6.5], "rotation": 90, "texture": "#1"},
				"up": {"uv": [7.25, 6.5, 8, 8.75], "texture": "#1"},
				"down": {"uv": [9.5, 8.75, 8.75, 6.5], "texture": "#1"}
			}
		},
		{
			"name": "2",
			"from": [2.575, 14.01, 6.3],
			"to": [5.725, 17.16, 15.5],
			"rotation": {"angle": -45, "axis": "z", "origin": [4.15, 15.585, 12.6]},
			"faces": {
				"north": {"uv": [4, 1.25, 4.75, 2], "texture": "#1"},
				"east": {"uv": [4.75, 2, 5.5, 4.25], "rotation": 90, "texture": "#1"},
				"south": {"uv": [4.75, 1.25, 5.5, 2], "texture": "#1"},
				"west": {"uv": [4, 4.25, 3.25, 2], "rotation": 90, "texture": "#1"},
				"up": {"uv": [4, 2, 4.75, 4.25], "texture": "#1"},
				"down": {"uv": [6.25, 4.25, 5.5, 2], "texture": "#1"}
			}
		},
		{
			"name": "1",
			"from": [10.325, 14.01, 6.3],
			"to": [13.475, 17.16, 15.5],
			"rotation": {"angle": -45, "axis": "z", "origin": [11.9, 15.585, 12.6]},
			"faces": {
				"north": {"uv": [0.75, 1.25, 1.5, 2], "texture": "#1"},
				"east": {"uv": [1.5, 2, 2.25, 4.25], "rotation": 90, "texture": "#1"},
				"south": {"uv": [1.5, 1.25, 2.25, 2], "texture": "#1"},
				"west": {"uv": [0.75, 4.25, 0, 2], "rotation": 90, "texture": "#1"},
				"up": {"uv": [0.75, 2, 1.5, 4.25], "texture": "#1"},
				"down": {"uv": [3, 4.25, 2.25, 2], "texture": "#1"}
			}
		},
		{
			"name": "3",
			"from": [6.425, 10.11, 6.3],
			"to": [9.575, 13.26, 15.5],
			"rotation": {"angle": -45, "axis": "z", "origin": [8, 11.685, 12.6]},
			"faces": {
				"north": {"uv": [7.25, 1.25, 8, 2], "texture": "#1"},
				"east": {"uv": [8, 2, 8.75, 4.25], "rotation": 90, "texture": "#1"},
				"south": {"uv": [8, 1.25, 8.75, 2], "texture": "#1"},
				"west": {"uv": [7.25, 4.25, 6.5, 2], "rotation": 90, "texture": "#1"},
				"up": {"uv": [7.25, 2, 8, 4.25], "texture": "#1"},
				"down": {"uv": [9.5, 4.25, 8.75, 2], "texture": "#1"}
			}
		}
	]
}