{
	"textures": {
		"stool": "dmd/chair/bar_stool"
	},
	"elements": [
		{
			"from": [3, 14, 3],
			"to": [13, 18, 13],
			"rotation": {"angle": 0, "axis": "y", "origin": [3, 14, 3]},
			"faces": {
				"north": {"uv": [2.5, 2.5, 5, 3.5], "texture": "#stool"},
				"east": {"uv": [0, 2.5, 2.5, 3.5], "texture": "#stool"},
				"south": {"uv": [7.5, 2.5, 10, 3.5], "texture": "#stool"},
				"west": {"uv": [5, 2.5, 7.5, 3.5], "texture": "#stool"},
				"up": {"uv": [5, 2.5, 2.5, 0], "texture": "#stool"},
				"down": {"uv": [7.5, 0, 5, 2.5], "texture": "#stool"}
			}
		},
		{
			"from": [2.5, 13.5, 2.5],
			"to": [13.5, 16.5, 13.5],
			"rotation": {"angle": 0, "axis": "y", "origin": [3, 12.5, 3]},
			"faces": {
				"north": {"uv": [2.5, 5.5, 5, 6.5], "texture": "#stool"},
				"east": {"uv": [0, 5.5, 2.5, 6.5], "texture": "#stool"},
				"south": {"uv": [7.5, 5.5, 10, 6.5], "texture": "#stool"},
				"west": {"uv": [5, 5.5, 7.5, 6.5], "texture": "#stool"},
				"up": {"uv": [5, 5.5, 2.5, 3], "texture": "#stool"},
				"down": {"uv": [7.5, 3, 5, 5.5], "texture": "#stool"}
			}
		},
		{
			"from": [2.5, 6, 2.5],
			"to": [13.5, 8, 13.5],
			"rotation": {"angle": 0, "axis": "y", "origin": [3, 5, 3]},
			"faces": {
				"north": {"uv": [2, 8.75, 4, 9.25], "texture": "#stool"},
				"east": {"uv": [0, 8.75, 2, 9.25], "texture": "#stool"},
				"south": {"uv": [6, 8.75, 8, 9.25], "texture": "#stool"},
				"west": {"uv": [4, 8.75, 6, 9.25], "texture": "#stool"},
				"up": {"uv": [2, 6.75, 4, 8.75], "texture": "#stool"},
				"down": {"uv": [4, 6.75, 6, 8.75], "texture": "#stool"}
			}
		},
		{
			"from": [3.85, 8, 3.85],
			"to": [12.15, 6, 12.15],
			"rotation": {"angle": 0, "axis": "y", "origin": [3, 7, 3]},
			"faces": {
				"north": {"uv": [2.5, 9.5, 4, 10], "texture": "#stool"},
				"east": {"uv": [1, 9.5, 2.5, 10], "texture": "#stool"},
				"south": {"uv": [5.5, 9.5, 7, 10], "texture": "#stool"},
				"west": {"uv": [4, 9.5, 5.5, 10], "texture": "#stool"}
			}
		},
		{
			"from": [3, 7, 3],
			"to": [5, 14, 5],
			"rotation": {"angle": 0, "axis": "y", "origin": [3, 10, 3]},
			"faces": {
				"north": {"uv": [0.5, 10.75, 1, 12.5], "texture": "#stool"},
				"east": {"uv": [0, 10.75, 0.5, 12.5], "texture": "#stool"},
				"south": {"uv": [1.5, 10.75, 2, 12.5], "texture": "#stool"},
				"west": {"uv": [1, 10.75, 1.5, 12.5], "texture": "#stool"},
				"up": {"uv": [1, 10.75, 0.5, 10.25], "texture": "#stool"},
				"down": {"uv": [1.5, 10.25, 1, 10.75], "texture": "#stool"}
			}
		},
		{
			"from": [3, 7, 11],
			"to": [5, 14, 13],
			"rotation": {"angle": 0, "axis": "y", "origin": [3, 10, 11]},
			"faces": {
				"north": {"uv": [7.25, 10.75, 7.75, 12.5], "texture": "#stool"},
				"east": {"uv": [6.75, 10.75, 7.25, 12.5], "texture": "#stool"},
				"south": {"uv": [8.25, 10.75, 8.75, 12.5], "texture": "#stool"},
				"west": {"uv": [7.75, 10.75, 8.25, 12.5], "texture": "#stool"},
				"up": {"uv": [7.75, 10.75, 7.25, 10.25], "texture": "#stool"},
				"down": {"uv": [8.25, 10.25, 7.75, 10.75], "texture": "#stool"}
			}
		},
		{
			"from": [11, 7, 11],
			"to": [13, 14, 13],
			"rotation": {"angle": 0, "axis": "y", "origin": [11, 10, 11]},
			"faces": {
				"north": {"uv": [5, 10.75, 5.5, 12.5], "texture": "#stool"},
				"east": {"uv": [4.5, 10.75, 5, 12.5], "texture": "#stool"},
				"south": {"uv": [6, 10.75, 6.5, 12.5], "texture": "#stool"},
				"west": {"uv": [5.5, 10.75, 6, 12.5], "texture": "#stool"},
				"up": {"uv": [5.5, 10.75, 5, 10.25], "texture": "#stool"},
				"down": {"uv": [6, 10.25, 5.5, 10.75], "texture": "#stool"}
			}
		},
		{
			"from": [11, 7, 3],
			"to": [13, 14, 5],
			"rotation": {"angle": 0, "axis": "y", "origin": [11, 10, 3]},
			"faces": {
				"north": {"uv": [2.75, 10.75, 3.25, 12.5], "texture": "#stool"},
				"east": {"uv": [2.25, 10.75, 2.75, 12.5], "texture": "#stool"},
				"south": {"uv": [3.75, 10.75, 4.25, 12.5], "texture": "#stool"},
				"west": {"uv": [3.25, 10.75, 3.75, 12.5], "texture": "#stool"},
				"up": {"uv": [3.25, 10.75, 2.75, 10.25], "texture": "#stool"},
				"down": {"uv": [3.75, 10.25, 3.25, 10.75], "texture": "#stool"}
			}
		},
		{
			"from": [3, 0, 11],
			"to": [5, 7, 13],
			"rotation": {"angle": 0, "axis": "y", "origin": [3, 3, 11]},
			"faces": {
				"north": {"uv": [7.25, 13.25, 7.75, 15], "texture": "#stool"},
				"east": {"uv": [6.75, 13.25, 7.25, 15], "texture": "#stool"},
				"south": {"uv": [8.25, 13.25, 8.75, 15], "texture": "#stool"},
				"west": {"uv": [7.75, 13.25, 8.25, 15], "texture": "#stool"},
				"up": {"uv": [7.75, 13.25, 7.25, 12.75], "texture": "#stool"},
				"down": {"uv": [8.25, 12.75, 7.75, 13.25], "texture": "#stool"}
			}
		},
		{
			"from": [3, 0, 3],
			"to": [5, 7, 5],
			"rotation": {"angle": 0, "axis": "y", "origin": [3, 3, 3]},
			"faces": {
				"north": {"uv": [0.5, 13.25, 1, 15], "texture": "#stool"},
				"east": {"uv": [0, 13.25, 0.5, 15], "texture": "#stool"},
				"south": {"uv": [1.5, 13.25, 2, 15], "texture": "#stool"},
				"west": {"uv": [1, 13.25, 1.5, 15], "texture": "#stool"},
				"up": {"uv": [1, 13.25, 0.5, 12.75], "texture": "#stool"},
				"down": {"uv": [1.5, 12.75, 1, 13.25], "texture": "#stool"}
			}
		},
		{
			"from": [11, 0, 11],
			"to": [13, 7, 13],
			"rotation": {"angle": 0, "axis": "y", "origin": [11, 3, 11]},
			"faces": {
				"north": {"uv": [5, 13.25, 5.5, 15], "texture": "#stool"},
				"east": {"uv": [4.5, 13.25, 5, 15], "texture": "#stool"},
				"south": {"uv": [6, 13.25, 6.5, 15], "texture": "#stool"},
				"west": {"uv": [5.5, 13.25, 6, 15], "texture": "#stool"},
				"up": {"uv": [5.5, 13.25, 5, 12.75], "texture": "#stool"},
				"down": {"uv": [6, 12.75, 5.5, 13.25], "texture": "#stool"}
			}
		},
		{
			"from": [11, 0, 3],
			"to": [13, 7, 5],
			"rotation": {"angle": 0, "axis": "y", "origin": [11, 3, 3]},
			"faces": {
				"north": {"uv": [2.75, 13.25, 3.25, 15], "texture": "#stool"},
				"east": {"uv": [2.25, 13.25, 2.75, 15], "texture": "#stool"},
				"south": {"uv": [3.75, 13.25, 4.25, 15], "texture": "#stool"},
				"west": {"uv": [3.25, 13.25, 3.75, 15], "texture": "#stool"},
				"up": {"uv": [3.25, 13.25, 2.75, 12.75], "texture": "#stool"},
				"down": {"uv": [3.75, 12.75, 3.25, 13.25], "texture": "#stool"}
			}
		}
	]
}