{
	"textures": {
		"0": "dmd/chair/default_chair"
	},
	"elements": [
		{
			"from": [12, 0, 2],
			"to": [14, 9, 4],
			"rotation": {"angle": 0, "axis": "y", "origin": [8, 14.75, 8]},
			"faces": {
				"north": {"uv": [2.75, 13.75, 3.25, 16], "texture": "#0"},
				"east": {"uv": [2.25, 13.75, 2.75, 16], "texture": "#0"},
				"south": {"uv": [3.75, 13.75, 4.25, 16], "texture": "#0"},
				"west": {"uv": [3.25, 13.75, 3.75, 16], "texture": "#0"},
				"up": {"uv": [3.25, 13.75, 2.75, 13.25], "texture": "#0"},
				"down": {"uv": [3.75, 13.25, 3.25, 13.75], "texture": "#0"}
			}
		},
		{
			"from": [12, 0, 12],
			"to": [14, 9, 14],
			"rotation": {"angle": 0, "axis": "y", "origin": [8, 14.75, 8]},
			"faces": {
				"north": {"uv": [7.25, 13.75, 7.75, 16], "texture": "#0"},
				"east": {"uv": [6.75, 13.75, 7.25, 16], "texture": "#0"},
				"south": {"uv": [8.25, 13.75, 8.75, 16], "texture": "#0"},
				"west": {"uv": [7.75, 13.75, 8.25, 16], "texture": "#0"},
				"up": {"uv": [7.75, 13.75, 7.25, 13.25], "texture": "#0"},
				"down": {"uv": [8.25, 13.25, 7.75, 13.75], "texture": "#0"}
			}
		},
		{
			"from": [2, 0, 2],
			"to": [4, 9, 4],
			"rotation": {"angle": 0, "axis": "y", "origin": [8, 14.75, 8]},
			"faces": {
				"north": {"uv": [0.5, 13.75, 1, 16], "texture": "#0"},
				"east": {"uv": [0, 13.75, 0.5, 16], "texture": "#0"},
				"south": {"uv": [1.5, 13.75, 2, 16], "texture": "#0"},
				"west": {"uv": [1, 13.75, 1.5, 16], "texture": "#0"},
				"up": {"uv": [1, 13.75, 0.5, 13.25], "texture": "#0"},
				"down": {"uv": [1.5, 13.25, 1, 13.75], "texture": "#0"}
			}
		},
		{
			"from": [2, 0, 12],
			"to": [4, 9, 14],
			"rotation": {"angle": 0, "axis": "y", "origin": [8, 14.75, 8]},
			"faces": {
				"north": {"uv": [5, 13.75, 5.5, 16], "texture": "#0"},
				"east": {"uv": [4.5, 13.75, 5, 16], "texture": "#0"},
				"south": {"uv": [6, 13.75, 6.5, 16], "texture": "#0"},
				"west": {"uv": [5.5, 13.75, 6, 16], "texture": "#0"},
				"up": {"uv": [5.5, 13.75, 5, 13.25], "texture": "#0"},
				"down": {"uv": [6, 13.25, 5.5, 13.75], "texture": "#0"}
			}
		},
		{
			"from": [2, 11, 12],
			"to": [4, 22, 14],
			"rotation": {"angle": 0, "axis": "y", "origin": [8, 14.75, 8]},
			"faces": {
				"north": {"uv": [12.25, 13.25, 12.75, 16], "texture": "#0"},
				"east": {"uv": [11.75, 13.25, 12.25, 16], "texture": "#0"},
				"south": {"uv": [13.25, 13.25, 13.75, 16], "texture": "#0"},
				"west": {"uv": [12.75, 13.25, 13.25, 16], "texture": "#0"},
				"up": {"uv": [12.75, 13.25, 12.25, 12.75], "texture": "#0"},
				"down": {"uv": [13.25, 12.75, 12.75, 13.25], "texture": "#0"}
			}
		},
		{
			"from": [12, 11, 12],
			"to": [14, 22, 14],
			"rotation": {"angle": 0, "axis": "y", "origin": [8, 14.75, 8]},
			"faces": {
				"north": {"uv": [14.5, 13.25, 15, 16], "texture": "#0"},
				"east": {"uv": [14, 13.25, 14.5, 16], "texture": "#0"},
				"south": {"uv": [15.5, 13.25, 16, 16], "texture": "#0"},
				"west": {"uv": [15, 13.25, 15.5, 16], "texture": "#0"},
				"up": {"uv": [15, 13.25, 14.5, 12.75], "texture": "#0"},
				"down": {"uv": [15.5, 12.75, 15, 13.25], "texture": "#0"}
			}
		},
		{
			"from": [4, 14, 13],
			"to": [12, 22, 13],
			"rotation": {"angle": 0, "axis": "y", "origin": [8, 14.75, 8]},
			"faces": {
				"north": {"uv": [11.5, 10, 13.75, 12], "texture": "#0"},
				"south": {"uv": [13.75, 10, 16, 12], "texture": "#0"}
			}
		},
		{
			"from": [2, 9, 2],
			"to": [14, 11, 14],
			"rotation": {"angle": 0, "axis": "y", "origin": [8, 14.75, 8]},
			"faces": {
				"north": {"uv": [3, 3, 6, 3.5], "texture": "#0"},
				"east": {"uv": [0, 3, 3, 3.5], "texture": "#0"},
				"south": {"uv": [9, 3, 12, 3.5], "texture": "#0"},
				"west": {"uv": [6, 3, 9, 3.5], "texture": "#0"},
				"up": {"uv": [6, 3, 3, 0], "texture": "#0"},
				"down": {"uv": [9, 0, 6, 3], "texture": "#0"}
			}
		},
		{
			"from": [3, 7, 3],
			"to": [13, 12, 13],
			"rotation": {"angle": 0, "axis": "y", "origin": [8, 14.75, 8]},
			"faces": {
				"north": {"uv": [2.5, 6, 5, 7], "texture": "#0"},
				"east": {"uv": [0, 6, 2.5, 7], "texture": "#0"},
				"south": {"uv": [7.5, 6, 10, 7], "texture": "#0"},
				"west": {"uv": [5, 6, 7.5, 7], "texture": "#0"},
				"up": {"uv": [5, 6, 2.5, 3.5], "texture": "#0"}
			}
		},
		{
			"from": [13, 7, 3],
			"to": [3, 11.5, 13],
			"rotation": {"angle": 0, "axis": "y", "origin": [18, 14.75, 8]},
			"faces": {
				"north": {"uv": [2.5, 6, 5, 7], "texture": "#0"},
				"east": {"uv": [5, 6, 7.5, 7], "texture": "#0"},
				"south": {"uv": [7.5, 6, 10, 7], "texture": "#0"},
				"west": {"uv": [0, 6, 2.5, 7], "texture": "#0"},
				"up": {"uv": [5, 6, 2.5, 3.5], "texture": "#0"}
			}
		},
		{
			"from": [2, 22, 12],
			"to": [14, 26, 14],
			"rotation": {"angle": 0, "axis": "y", "origin": [8, 14.75, 8]},
			"faces": {
				"north": {"uv": [0.5, 10.5, 3.5, 11.5], "texture": "#0"},
				"east": {"uv": [0, 10.5, 0.5, 11.5], "texture": "#0"},
				"south": {"uv": [4, 10.5, 7, 11.5], "texture": "#0"},
				"west": {"uv": [3.5, 10.5, 4, 11.5], "texture": "#0"},
				"up": {"uv": [3.5, 10.5, 0.5, 10], "texture": "#0"},
				"down": {"uv": [6.5, 10, 3.5, 10.5], "texture": "#0"}
			}
		},
		{
			"from": [4, 12, 12],
			"to": [12, 14, 14],
			"rotation": {"angle": 0, "axis": "y", "origin": [8, 15.75, 8]},
			"faces": {
				"north": {"uv": [0.5, 12.25, 2.5, 12.75], "texture": "#0"},
				"east": {"uv": [0, 12.25, 0.5, 12.75], "texture": "#0"},
				"south": {"uv": [3, 12.25, 5, 12.75], "texture": "#0"},
				"west": {"uv": [2.5, 12.25, 3, 12.75], "texture": "#0"},
				"up": {"uv": [2.5, 12.25, 0.5, 11.75], "texture": "#0"},
				"down": {"uv": [4.5, 11.75, 2.5, 12.25], "texture": "#0"}
			}
		}
	]
}