{
	"textures": {
		"0": "animated_java:item/saloon_doors/saloon_doors"
	},
	"elements": [
		{
			"from": [
				6.775510204081632,
				-1.0612244897959187,
				6.775510204081632
			],
			"to": [
				9.224489795918368,
				17.06122448979592,
				9.224489795918368
			],
			"rotation": {
				"angle": 0,
				"axis": "y",
				"origin": [
					-5.7142857142857135,
					-2.775510204081632,
					8
				]
			},
			"faces": {
				"north": {
					"uv": [
						5.25,
						2.75,
						4.75,
						7.25
					],
					"texture": "#0"
				},
				"east": {
					"uv": [
						5.75,
						2.75,
						5.25,
						7.25
					],
					"texture": "#0"
				},
				"south": {
					"uv": [
						6.25,
						2.75,
						5.75,
						7.25
					],
					"texture": "#0"
				},
				"west": {
					"uv": [
						4.75,
						2.75,
						4.25,
						7.25
					],
					"texture": "#0"
				},
				"up": {
					"uv": [
						4.75,
						2.75,
						5.25,
						2.25
					],
					"texture": "#0"
				},
				"down": {
					"uv": [
						5.25,
						2.25,
						5.75,
						2.75
					],
					"texture": "#0"
				}
			}
		},
		{
			"from": [
				6.775510204081632,
				-2.775510204081632,
				7.020408163265306
			],
			"to": [
				22.20408163265306,
				18.775510204081634,
				8.979591836734693
			],
			"rotation": {
				"angle": 0,
				"axis": "y",
				"origin": [
					7.755102040816326,
					-2.775510204081632,
					8
				]
			},
			"faces": {
				"north": {
					"uv": [
						4,
						2.25,
						0,
						7.75
					],
					"texture": "#0"
				},
				"south": {
					"uv": [
						0,
						2.25,
						4,
						7.75
					],
					"texture": "#0"
				}
			}
		},
		{
			"from": [
				7.534693877551021,
				14.881632653061223,
				6.8979591836734695
			],
			"to": [
				13.657142857142858,
				16.59591836734694,
				9.10204081632653
			],
			"rotation": {
				"angle": 0,
				"axis": "y",
				"origin": [
					14.759183673469387,
					16.473469387755102,
					8
				]
			},
			"faces": {
				"north": {
					"uv": [
						1.5,
						0.5,
						0,
						1
					],
					"texture": "#0"
				},
				"east": {
					"uv": [
						2,
						1,
						1.5,
						1.5
					],
					"texture": "#0"
				},
				"south": {
					"uv": [
						0,
						1.5,
						1.5,
						2
					],
					"texture": "#0"
				},
				"west": {
					"uv": [
						2,
						0.5,
						1.5,
						1
					],
					"texture": "#0"
				},
				"up": {
					"uv": [
						0,
						0.5,
						1.5,
						0
					],
					"texture": "#0"
				},
				"down": {
					"uv": [
						0,
						1,
						1.5,
						1.5
					],
					"texture": "#0"
				}
			}
		},
		{
			"from": [
				7.534693877551021,
				-0.5469387755102044,
				6.8979591836734695
			],
			"to": [
				13.657142857142858,
				1.167346938775509,
				9.10204081632653
			],
			"rotation": {
				"angle": 0,
				"axis": "y",
				"origin": [
					14.759183673469387,
					1.0448979591836727,
					8
				]
			},
			"faces": {
				"north": {
					"uv": [
						1.5,
						8.5,
						0,
						9
					],
					"texture": "#0"
				},
				"east": {
					"uv": [
						2,
						9,
						1.5,
						9.5
					],
					"texture": "#0"
				},
				"south": {
					"uv": [
						0,
						9.5,
						1.5,
						10
					],
					"texture": "#0"
				},
				"west": {
					"uv": [
						2,
						8.5,
						1.5,
						9
					],
					"texture": "#0"
				},
				"up": {
					"uv": [
						0,
						8.5,
						1.5,
						8
					],
					"texture": "#0"
				},
				"down": {
					"uv": [
						0,
						9,
						1.5,
						9.5
					],
					"texture": "#0"
				}
			}
		},
		{
			"from": [
				13.362285714285715,
				15.370448979591849,
				6.896979591836735
			],
			"to": [
				21.44587755102041,
				17.086693877551035,
				9.103020408163266
			],
			"rotation": {
				"angle": 22.5,
				"axis": "z",
				"origin": [
					14.734693877551022,
					15.861224489795923,
					8
				]
			},
			"faces": {
				"north": {
					"uv": [
						4.25,
						0.5,
						2.25,
						1
					],
					"texture": "#0"
				},
				"east": {
					"uv": [
						4.75,
						1,
						4.25,
						1.5
					],
					"texture": "#0"
				},
				"south": {
					"uv": [
						2.25,
						1.5,
						4.25,
						2
					],
					"texture": "#0"
				},
				"west": {
					"uv": [
						4.75,
						0.5,
						4.25,
						1
					],
					"texture": "#0"
				},
				"up": {
					"uv": [
						2.25,
						0.5,
						4.25,
						0
					],
					"texture": "#0"
				},
				"down": {
					"uv": [
						2.25,
						1,
						4.25,
						1.5
					],
					"texture": "#0"
				}
			}
		},
		{
			"from": [
				13.092897959183672,
				-0.9887346938775394,
				6.896979591836735
			],
			"to": [
				21.17648979591837,
				0.7275102040816455,
				9.103020408163266
			],
			"rotation": {
				"angle": -22.5,
				"axis": "z",
				"origin": [
					14.465306122448977,
					-0.4979591836734638,
					8
				]
			},
			"faces": {
				"north": {
					"uv": [
						4.25,
						8.5,
						2.25,
						9
					],
					"texture": "#0"
				},
				"east": {
					"uv": [
						4.75,
						9,
						4.25,
						9.5
					],
					"texture": "#0"
				},
				"south": {
					"uv": [
						2.25,
						9.5,
						4.25,
						10
					],
					"texture": "#0"
				},
				"west": {
					"uv": [
						4.75,
						8.5,
						4.25,
						9
					],
					"texture": "#0"
				},
				"up": {
					"uv": [
						2.25,
						8.5,
						4.25,
						8
					],
					"texture": "#0"
				},
				"down": {
					"uv": [
						2.25,
						9,
						4.25,
						9.5
					],
					"texture": "#0"
				}
			}
		},
		{
			"from": [
				20,
				-4,
				6.775510204081632
			],
			"to": [
				22.20408163265306,
				20,
				9.224489795918368
			],
			"rotation": {
				"angle": 0,
				"axis": "y",
				"origin": [
					7.510204081632653,
					-2.775510204081632,
					8
				]
			},
			"faces": {
				"north": {
					"uv": [
						8,
						2.25,
						8.5,
						8.25
					],
					"texture": "#0"
				},
				"east": {
					"uv": [
						8,
						2.25,
						7.5,
						8.25
					],
					"texture": "#0"
				},
				"south": {
					"uv": [
						7.5,
						2.25,
						7,
						8.25
					],
					"texture": "#0"
				},
				"west": {
					"uv": [
						7,
						2.25,
						6.5,
						8.25
					],
					"texture": "#0"
				},
				"up": {
					"uv": [
						7,
						2.25,
						7.5,
						1.75
					],
					"texture": "#0"
				},
				"down": {
					"uv": [
						7.5,
						1.75,
						8,
						2.25
					],
					"texture": "#0"
				}
			}
		}
	],
	"display": {
		"head": {
			"rotation": [
				0,
				180,
				0
			]
		}
	}
}