{
	"textures": {
		"0": "animated_java:item/saloon_doors/saloon_doors"
	},
	"elements": [
		{
			"from": [
				6.775510204081632,
				-1.0612244897959187,
				6.775510204081632
			],
			"to": [
				9.224489795918368,
				17.06122448979592,
				9.224489795918368
			],
			"rotation": {
				"angle": 0,
				"axis": "y",
				"origin": [
					21.714285714285715,
					-2.775510204081632,
					8
				]
			},
			"faces": {
				"north": {
					"uv": [
						4.75,
						2.75,
						5.25,
						7.25
					],
					"texture": "#0"
				},
				"east": {
					"uv": [
						4.25,
						2.75,
						4.75,
						7.25
					],
					"texture": "#0"
				},
				"south": {
					"uv": [
						5.75,
						2.75,
						6.25,
						7.25
					],
					"texture": "#0"
				},
				"west": {
					"uv": [
						5.25,
						2.75,
						5.75,
						7.25
					],
					"texture": "#0"
				},
				"up": {
					"uv": [
						5.25,
						2.75,
						4.75,
						2.25
					],
					"texture": "#0"
				},
				"down": {
					"uv": [
						5.75,
						2.25,
						5.25,
						2.75
					],
					"texture": "#0"
				}
			}
		},
		{
			"from": [
				-6.204081632653061,
				-2.775510204081632,
				7.020408163265306
			],
			"to": [
				9.224489795918368,
				18.775510204081634,
				8.979591836734693
			],
			"rotation": {
				"angle": 0,
				"axis": "y",
				"origin": [
					8.244897959183673,
					-2.775510204081632,
					8
				]
			},
			"faces": {
				"north": {
					"uv": [
						0,
						2.25,
						4,
						7.75
					],
					"texture": "#0"
				},
				"south": {
					"uv": [
						4,
						2.25,
						0,
						7.75
					],
					"texture": "#0"
				}
			}
		},
		{
			"from": [
				2.3428571428571425,
				14.881632653061223,
				6.8979591836734695
			],
			"to": [
				8.465306122448979,
				16.59591836734694,
				9.10204081632653
			],
			"rotation": {
				"angle": 0,
				"axis": "y",
				"origin": [
					1.240816326530612,
					16.473469387755102,
					8
				]
			},
			"faces": {
				"north": {
					"uv": [
						0,
						0.5,
						1.5,
						1
					],
					"texture": "#0"
				},
				"east": {
					"uv": [
						1.5,
						0.5,
						2,
						1
					],
					"texture": "#0"
				},
				"south": {
					"uv": [
						1.5,
						1.5,
						0,
						2
					],
					"texture": "#0"
				},
				"west": {
					"uv": [
						1.5,
						1,
						2,
						1.5
					],
					"texture": "#0"
				},
				"up": {
					"uv": [
						1.5,
						0.5,
						0,
						0
					],
					"texture": "#0"
				},
				"down": {
					"uv": [
						1.5,
						1,
						0,
						1.5
					],
					"texture": "#0"
				}
			}
		},
		{
			"from": [
				2.3428571428571425,
				-0.5469387755102044,
				6.8979591836734695
			],
			"to": [
				8.465306122448979,
				1.167346938775509,
				9.10204081632653
			],
			"rotation": {
				"angle": 0,
				"axis": "y",
				"origin": [
					1.240816326530612,
					1.0448979591836727,
					8
				]
			},
			"faces": {
				"north": {
					"uv": [
						0,
						8.5,
						1.5,
						9
					],
					"texture": "#0"
				},
				"east": {
					"uv": [
						1.5,
						8.5,
						2,
						9
					],
					"texture": "#0"
				},
				"south": {
					"uv": [
						1.5,
						9.5,
						0,
						10
					],
					"texture": "#0"
				},
				"west": {
					"uv": [
						1.5,
						9,
						2,
						9.5
					],
					"texture": "#0"
				},
				"up": {
					"uv": [
						1.5,
						8.5,
						0,
						8
					],
					"texture": "#0"
				},
				"down": {
					"uv": [
						1.5,
						9,
						0,
						9.5
					],
					"texture": "#0"
				}
			}
		},
		{
			"from": [
				-5.445877551020409,
				15.370448979591849,
				6.896979591836735
			],
			"to": [
				2.637714285714284,
				17.086693877551035,
				9.103020408163266
			],
			"rotation": {
				"angle": -22.5,
				"axis": "z",
				"origin": [
					1.2653061224489779,
					15.861224489795923,
					8
				]
			},
			"faces": {
				"north": {
					"uv": [
						2.25,
						0.5,
						4.25,
						1
					],
					"texture": "#0"
				},
				"east": {
					"uv": [
						4.25,
						0.5,
						4.75,
						1
					],
					"texture": "#0"
				},
				"south": {
					"uv": [
						4.25,
						1.5,
						2.25,
						2
					],
					"texture": "#0"
				},
				"west": {
					"uv": [
						4.25,
						1,
						4.75,
						1.5
					],
					"texture": "#0"
				},
				"up": {
					"uv": [
						4.25,
						0.5,
						2.25,
						0
					],
					"texture": "#0"
				},
				"down": {
					"uv": [
						4.25,
						1,
						2.25,
						1.5
					],
					"texture": "#0"
				}
			}
		},
		{
			"from": [
				-5.1764897959183696,
				-0.9887346938775394,
				6.896979591836735
			],
			"to": [
				2.907102040816328,
				0.7275102040816455,
				9.103020408163266
			],
			"rotation": {
				"angle": 22.5,
				"axis": "z",
				"origin": [
					1.5346938775510228,
					-0.4979591836734638,
					8
				]
			},
			"faces": {
				"north": {
					"uv": [
						2.25,
						8.5,
						4.25,
						9
					],
					"texture": "#0"
				},
				"east": {
					"uv": [
						4.25,
						8.5,
						4.75,
						9
					],
					"texture": "#0"
				},
				"south": {
					"uv": [
						4.25,
						9.5,
						2.25,
						10
					],
					"texture": "#0"
				},
				"west": {
					"uv": [
						4.25,
						9,
						4.75,
						9.5
					],
					"texture": "#0"
				},
				"up": {
					"uv": [
						4.25,
						8.5,
						2.25,
						8
					],
					"texture": "#0"
				},
				"down": {
					"uv": [
						4.25,
						9,
						2.25,
						9.5
					],
					"texture": "#0"
				}
			}
		},
		{
			"from": [
				-6.204081632653061,
				-4,
				6.775510204081632
			],
			"to": [
				-4,
				20,
				9.224489795918368
			],
			"rotation": {
				"angle": 0,
				"axis": "y",
				"origin": [
					8.489795918367347,
					-2.775510204081632,
					8
				]
			},
			"faces": {
				"north": {
					"uv": [
						7.5,
						2.25,
						7,
						8.25
					],
					"texture": "#0"
				},
				"east": {
					"uv": [
						6.5,
						2.25,
						7,
						8.25
					],
					"texture": "#0"
				},
				"south": {
					"uv": [
						8,
						2.25,
						8.5,
						8.25
					],
					"texture": "#0"
				},
				"west": {
					"uv": [
						7.5,
						2.25,
						8,
						8.25
					],
					"texture": "#0"
				},
				"up": {
					"uv": [
						7.5,
						2.25,
						7,
						1.75
					],
					"texture": "#0"
				},
				"down": {
					"uv": [
						8,
						1.75,
						7.5,
						2.25
					],
					"texture": "#0"
				}
			}
		}
	],
	"display": {
		"head": {
			"rotation": [
				0,
				180,
				0
			]
		}
	}
}