{
	"textures": {
		"card": "dmd/ui/liar_button",
		"front": "dmd/card/card",
		"back": "dmd/card/default_back"
	},
	"elements": [
		{
			"from": [0, 3, 8],
			"to": [16, 19, 8],
			"rotation": {"angle": 0, "axis": "y", "origin": [8, 3, 8]},
			"faces": {
				"north": {"uv": [0, 0, 16, 16], "texture": "#front"},
				"south": {"uv": [0, 0, 16, 16], "texture": "#back"}
			}
		},
		{
			"from": [0, 3, 7.9],
			"to": [16, 19, 7.9],
			"rotation": {"angle": 22.5, "axis": "z", "origin": [8, 3, 7.9]},
			"faces": {
				"north": {"uv": [0, 0, 16, 16], "texture": "#front"},
				"south": {"uv": [0, 0, 16, 16], "texture": "#back"}
			}
		},
		{
			"from": [0, 3, 7.8],
			"to": [16, 19, 7.8],
			"rotation": {"angle": 45, "axis": "z", "origin": [8, 3, 7.8]},
			"faces": {
				"north": {"uv": [0, 0, 16, 16], "texture": "#front"},
				"south": {"uv": [0, 0, 16, 16], "texture": "#back"}
			}
		},
		{
			"from": [0, 3, 8.1],
			"to": [16, 19, 8.1],
			"rotation": {"angle": -22.5, "axis": "z", "origin": [8, 3, 8.1]},
			"faces": {
				"north": {"uv": [0, 0, 16, 16], "texture": "#front"},
				"south": {"uv": [0, 0, 16, 16], "texture": "#back"}
			}
		},
		{
			"from": [0, 3, 8.2],
			"to": [16, 19, 8.2],
			"rotation": {"angle": -45, "axis": "z", "origin": [8, 3, 8.2]},
			"faces": {
				"north": {"uv": [0, 0, 16, 16], "texture": "#front"},
				"south": {"uv": [0, 0, 16, 16], "texture": "#back"}
			}
		},
		{
			"from": [-8, 0, 6],
			"to": [24, 0, 10],
			"faces": {
				"down": {"uv": [0, 0, 16, 16], "texture": "#card"}
			}
		}
	],
	"gui_light": "front",
	"display": {
		"thirdperson_righthand": {
			"rotation": [-35, 0, 0],
			"translation": [0, 2.25, -0.5],
			"scale": [0.4, 0.4, 0.01]
		},
		"thirdperson_lefthand": {
			"rotation": [-35, 0, 0],
			"translation": [0, 2.25, -0.5],
			"scale": [0.4, 0.4, 0.01]
		},
		"firstperson_righthand": {
			"rotation": [-90, 0, 0],
			"translation": [-3.75, 7, 6.25],
			"scale": [0, 0, 0]
		},
		"firstperson_lefthand": {
			"rotation": [-90, 0, 0],
			"translation": [-3.75, 7, 6.25],
			"scale": [0, 0, 0]
		},
		"ground": {
			"translation": [0, 2, 0],
			"scale": [0.5, 0.5, 0.1]
		},
		"gui": {
			"rotation": [-90, 0, 0],
			"translation": [0, 0, 6.25],
			"scale": [0.5, 0, 4]
		},
		"head": {
			"translation": [0, 11.5, 0],
			"scale": [0.6, 0.6, 0.1]
		},
		"fixed": {
			"rotation": [-90, 0, -180],
			"scale": [0.5, 0, 4]
		}
	}
}