{
	"elements": [
		{
			"name": "bullet_1",
			"from": [6, 8, 8],
			"to": [10, 12, 8],
			"rotation": {"angle": 0, "axis": "y", "origin": [7, 8, 6]},
			"faces": {
				"north": {"uv": [0, 0, 16, 16], "texture": "#bullet_1"},
				"south": {"uv": [0, 0, 16, 16], "texture": "#bullet_1"}
			}
		},
		{
			"name": "bullet_2",
			"from": [2.5, 6, 8],
			"to": [6.5, 10, 8],
			"rotation": {"angle": 0, "axis": "y", "origin": [3.5, 6, 6]},
			"faces": {
				"north": {"uv": [0, 0, 16, 16], "texture": "#bullet_2"},
				"south": {"uv": [0, 0, 16, 16], "texture": "#bullet_2"}
			}
		},
		{
			"name": "bullet_3",
			"from": [2.5, 2, 8],
			"to": [6.5, 6, 8],
			"rotation": {"angle": 0, "axis": "y", "origin": [3.5, 2, 6]},
			"faces": {
				"north": {"uv": [0, 0, 16, 16], "texture": "#bullet_3"},
				"south": {"uv": [0, 0, 16, 16], "texture": "#bullet_3"}
			}
		},
		{
			"name": "bullet_4",
			"from": [6, 0, 8],
			"to": [10, 4, 8],
			"rotation": {"angle": 0, "axis": "y", "origin": [7, 0, 6]},
			"faces": {
				"north": {"uv": [0, 0, 16, 16], "texture": "#bullet_4"},
				"south": {"uv": [0, 0, 16, 16], "texture": "#bullet_4"}
			}
		},
		{
			"name": "bullet_5",
			"from": [9.5, 2, 8],
			"to": [13.5, 6, 8],
			"rotation": {"angle": 0, "axis": "y", "origin": [10.5, 2, 6]},
			"faces": {
				"north": {"uv": [0, 0, 16, 16], "texture": "#bullet_5"},
				"south": {"uv": [0, 0, 16, 16], "texture": "#bullet_5"}
			}
		},
		{
			"name": "bullet_6",
			"from": [9.5, 6, 8],
			"to": [13.5, 10, 8],
			"rotation": {"angle": 0, "axis": "y", "origin": [10.5, 6, 6]},
			"faces": {
				"north": {"uv": [0, 0, 16, 16], "texture": "#bullet_6"},
				"south": {"uv": [0, 0, 16, 16], "texture": "#bullet_6"}
			}
		}
	],
	"display": {
		"thirdperson_righthand": {
			"scale": [0, 0, 0]
		},
		"thirdperson_lefthand": {
			"scale": [0, 0, 0]
		},
		"firstperson_righthand": {
			"translation": [1.5, 3.5, 0],
			"scale": [0.4, 0.4, 0.4]
		},
		"firstperson_lefthand": {
			"translation": [1.5, 3.5, 0],
			"scale": [0.4, 0.4, 0.4]
		},
		"ground": {
			"translation": [0, 2, 0],
			"scale": [0.5, 0.5, 0.5]
		},
		"gui": {
			"translation": [0, 2, 0],
			"scale": [0, 0, 0]
		},
		"head": {
			"scale": [0, 0, 0]
		},
		"fixed": {
			"translation": [0, 2, 0]
		}
	}
}